Rank,Team,2025,Last 3,Last 1,Home,Away,2024
1,Cal Poly,78.3,79.9,75.7,77.6,78.7,77.5
2,CS Northridge,77.9,77.6,74.1,78.4,77.5,74.8
3,CS Fullerton,77.3,81.7,76.1,75.5,78.4,70.4
4,Charleston So,77.3,78.7,78.3,80.2,75.6,71.9
5,S Florida,77.1,72.6,75.7,76.3,77.6,72.4
6,Alabama,76.9,73.0,74.1,76.0,77.5,78.5
7,Georgia,76.7,78.9,82.3,78.7,74.3,70.5
8,IU Indy,76.7,75.7,83.5,75.8,77.2,67.6
9,Oklahoma St,76.6,74.1,75.6,77.6,75.2,73.7
10,Providence,76.2,75.6,76.5,75.1,77.3,68.9
11,Radford,75.8,75.7,82.9,73.0,78.4,66.2
12,Kansas St,75.4,75.0,77.8,75.3,75.6,69.5
13,Arkansas,75.4,79.5,80.9,74.5,76.2,72.4
14,Kent St,75.4,71.7,71.1,76.9,74.1,69.5
15,Lindenwood,75.3,74.6,72.4,74.6,75.7,72.9
16,Texas A&M,75.3,64.8,67.5,75.8,74.7,70.4
17,William & Mary,75.0,70.2,66.2,75.4,74.7,72.1
18,Arkansas St,74.9,75.9,69.7,75.0,74.8,72.4
19,CS Bakersfield,74.8,79.9,84.0,73.3,76.3,69.5
20,Kennesaw St,74.7,69.4,69.6,74.4,74.9,73.0
21,Hawai'i,74.6,75.6,77.7,75.3,73.7,68.8
22,Florida Intl,74.6,71.2,66.6,73.8,75.4,72.6
23,UMass,74.5,73.5,71.3,75.5,73.5,73.9
24,Prairie View,74.4,69.1,73.3,74.3,74.4,72.8
25,Memphis,74.1,78.8,74.5,74.8,73.5,73.7
26,USC,74.1,74.1,81.8,75.0,73.3,70.8
27,Winthrop,74.1,76.5,80.0,73.8,74.3,76.8
28,South Dakota,74.1,69.8,65.2,75.3,72.9,77.0
29,Sacramento St,74.0,69.7,72.3,73.2,74.5,67.0
30,Georgia So,74.0,69.5,64.6,74.3,73.8,73.3
31,Georgia Tech,73.9,71.2,69.2,73.9,73.9,71.7
32,Mississippi St,73.9,76.4,73.3,73.8,74.0,71.9
33,N Florida,73.9,72.8,75.2,73.5,74.1,75.1
34,Murray St,73.8,73.9,73.2,72.3,75.2,68.5
35,Florida,73.8,67.6,64.1,74.6,73.2,72.1
36,Southern,73.7,69.1,67.9,72.4,74.3,72.0
37,W Kentucky,73.7,73.9,78.5,73.6,73.8,74.6
38,Saint Louis,73.6,75.1,72.5,73.6,73.6,69.9
39,Miami OH,73.6,68.8,67.7,74.1,73.3,71.8
40,Cornell,73.6,72.5,64.2,74.6,73.1,73.6
41,Bethune,73.6,72.4,68.8,73.9,73.4,71.2
42,Morgan St,73.5,76.3,77.7,72.2,74.5,74.5
43,Xavier,73.5,71.6,65.9,73.9,73.0,71.4
44,Long Beach St,73.5,77.7,77.1,72.0,74.7,68.6
45,High Point,73.4,78.3,79.9,72.1,74.5,68.8
46,UC Davis,73.4,78.2,84.4,72.3,74.3,70.1
47,Michigan,73.4,74.6,67.5,75.0,72.5,73.1
48,UC Irvine,73.4,74.3,75.5,74.3,72.7,72.2
49,Jackson St,73.4,70.4,72.0,72.6,73.7,72.5
50,Texas So,73.4,73.4,76.7,73.5,73.3,73.7
51,Kansas City,73.3,70.7,70.7,72.9,73.6,67.2
52,Florida St,73.3,71.4,68.7,74.4,72.2,72.3
53,SMU,73.2,66.6,67.8,74.8,71.4,71.5
54,Butler,73.2,75.2,76.6,73.9,72.4,69.3
55,Cleveland St,73.2,73.2,69.7,71.9,74.0,68.2
56,Arizona,73.2,75.9,79.5,73.8,72.6,72.7
57,UAB,73.2,70.7,68.1,73.3,73.0,72.4
58,Oakland,73.1,73.4,74.0,74.1,72.6,67.7
59,Tennessee St,73.1,71.4,80.4,72.8,73.2,74.4
60,N Kentucky,73.1,74.1,80.0,73.9,72.4,69.3
61,St John's,73.0,67.3,65.6,75.3,70.8,73.3
62,AR-Pine Bluff,73.0,71.5,66.9,70.3,74.2,74.0
63,W Georgia,73.0,74.8,77.8,72.3,73.5,70.5
64,Tarleton St,73.0,70.0,79.0,72.6,73.2,68.8
65,Longwood,72.9,80.5,78.1,73.6,72.5,71.7
66,UL Monroe,72.9,67.5,70.8,73.4,72.7,70.0
67,Queens,72.9,74.6,68.5,73.1,72.8,71.7
68,UNLV,72.9,71.5,67.8,73.5,72.4,67.4
69,S Utah,72.9,72.9,74.3,74.2,72.2,71.9
70,Alabama St,72.9,72.4,71.9,73.8,72.6,71.2
71,N Colorado,72.9,74.5,75.6,72.2,73.3,70.7
72,Marquette,72.9,72.9,76.6,73.0,72.7,70.4
73,UCF,72.9,74.7,75.6,73.5,72.1,75.8
74,Vanderbilt,72.8,67.6,65.4,73.2,72.5,71.8
75,Florida Atlantic,72.8,69.8,72.1,74.0,71.9,72.4
76,Colorado,72.7,78.5,87.4,73.0,72.4,70.3
77,Akron,72.7,70.1,68.3,74.2,71.8,74.6
78,Ohio,72.7,78.6,72.0,72.9,72.6,74.0
79,Sam Houston,72.7,73.9,78.0,70.9,73.7,70.8
80,Marshall,72.7,74.7,74.9,72.6,72.8,71.4
81,Arizona St,72.6,72.7,68.8,72.4,72.8,72.8
82,BYU,72.6,68.1,69.5,72.8,72.5,71.1
83,UC Riverside,72.6,74.1,72.3,73.4,72.1,71.3
84,Old Dominion,72.6,72.2,70.1,71.5,73.2,68.7
85,Montana,72.5,75.1,73.1,73.1,72.1,69.3
86,S Illinois,72.4,67.5,64.9,72.0,72.7,70.2
87,New Orleans,72.4,69.9,63.2,73.1,72.0,72.3
88,Louisville,72.4,71.4,68.9,73.9,70.9,70.7
89,Florida A&M,72.3,73.0,72.6,71.6,72.7,70.1
90,SC Upstate,72.3,69.1,66.6,73.7,71.3,75.0
91,Weber St,72.3,70.1,70.9,72.4,72.2,67.7
92,Gardner-Webb,72.2,70.4,72.8,72.3,72.1,71.9
93,E Carolina,72.1,74.3,78.7,72.6,71.7,70.1
94,Bowling Green,72.1,70.0,69.6,71.5,72.7,71.9
95,Belmont,72.1,68.5,73.2,72.1,72.1,71.9
96,California,72.0,71.4,70.4,71.0,73.9,71.8
97,Utah Valley,72.0,68.2,70.0,70.1,73.4,71.3
98,TCU,72.0,70.1,70.3,71.0,73.3,69.0
99,LSU,72.0,78.3,71.2,72.5,71.5,72.4
100,Tulsa,72.0,77.5,82.8,72.3,71.8,70.4
101,San Diego St,72.0,69.0,66.3,73.9,70.3,68.7
102,Lipscomb,72.0,67.7,64.0,70.6,72.9,68.8
103,FGCU,72.0,66.5,71.6,74.4,69.8,67.3
104,Portland,72.0,71.8,69.0,74.0,70.0,71.8
105,Gonzaga,72.0,66.3,65.5,73.7,70.8,73.1
106,C Arkansas,71.9,73.1,82.7,70.6,72.8,71.3
107,Duquesne,71.9,65.3,67.3,72.4,71.4,67.5
108,New Mexico,71.9,72.7,73.1,72.4,71.4,75.1
109,St Francis PA,71.8,68.4,65.9,69.7,73.1,69.1
110,Pepperdine,71.8,75.5,75.3,71.7,72.0,71.0
111,S Carolina St,71.8,74.8,77.1,69.3,72.9,73.4
112,Miss Valley St,71.7,67.8,68.7,70.5,72.3,67.8
113,Howard,71.7,68.6,71.8,73.0,71.0,72.8
114,Wake Forest,71.7,66.7,70.5,72.7,70.4,69.6
115,Indiana St,71.7,67.1,61.7,74.6,69.1,74.5
116,Southern Miss,71.7,72.3,75.8,71.7,71.6,73.8
117,Auburn,71.7,71.6,82.8,72.1,71.3,71.1
118,UTSA,71.6,70.2,71.8,69.7,73.1,71.8
119,Iona,71.6,73.1,70.5,69.8,73.0,71.1
120,NC State,71.6,69.7,71.2,71.3,71.9,67.4
121,Portland St,71.6,74.4,76.6,69.5,72.9,70.5
122,G Washington,71.5,71.6,70.4,71.3,71.8,69.8
123,Austin Peay,71.5,73.4,72.7,68.7,73.2,69.5
124,Mississippi,71.5,76.5,79.2,72.8,70.4,71.5
125,Wisconsin,71.5,73.4,75.0,70.6,72.4,70.6
126,Campbell,71.5,72.4,68.7,71.9,71.2,67.7
127,Quinnipiac,71.5,71.0,74.1,70.6,72.2,72.7
128,Kentucky,71.5,73.1,69.2,70.6,72.5,74.0
129,Wichita St,71.4,76.5,76.6,70.2,72.5,71.8
130,Troy,71.4,67.9,63.3,67.8,73.3,68.7
131,Northeastern,71.4,70.4,68.8,71.0,71.6,69.1
132,E Kentucky,71.4,68.9,66.6,71.9,71.0,70.7
133,Oral Roberts,71.4,71.6,68.6,69.6,72.5,70.2
134,Virginia Tech,71.4,70.7,78.0,70.3,72.6,68.5
135,Detroit Mercy,71.4,68.2,70.2,72.3,70.7,70.5
136,Idaho,71.3,71.6,67.7,70.9,71.6,68.6
137,UCSD,71.3,70.9,74.1,71.3,71.4,68.9
138,S Indiana,71.3,65.8,69.5,71.8,71.0,70.6
139,Oklahoma,71.3,77.9,74.3,69.7,72.6,71.2
140,Santa Clara,71.3,67.8,76.1,71.7,71.0,72.3
141,W Michigan,71.3,71.9,73.2,70.9,71.6,70.9
142,NC A&T,71.3,74.3,74.1,72.5,70.6,70.9
143,VCU,71.3,70.5,67.5,71.6,71.0,68.3
144,Utah Tech,71.3,77.5,72.4,72.2,70.7,70.6
145,Mercer,71.2,68.3,68.8,70.6,71.7,74.0
146,SE Missouri St,71.2,69.2,67.1,70.7,71.5,70.5
147,Alcorn St,71.2,72.1,68.0,68.8,72.1,68.0
148,Coastal Car,71.2,67.3,69.1,71.3,71.1,66.0
149,Abl Christian,71.2,72.4,71.9,70.3,71.6,72.1
150,Bradley,71.1,71.3,60.8,69.6,72.6,68.3
151,Baylor,71.1,69.1,72.1,72.3,70.1,68.0
152,North Dakota,71.1,66.3,65.6,71.8,70.7,71.7
153,St Thomas,71.1,67.4,71.1,72.0,70.5,71.2
154,Dartmouth,71.1,71.6,78.4,71.3,70.9,73.6
155,Syracuse,71.1,69.0,67.6,71.5,70.5,71.8
156,Loyola MD,71.1,64.7,65.5,71.4,70.9,68.3
157,W Carolina,71.1,66.6,66.4,68.6,72.6,73.7
158,North Carolina,71.1,72.0,79.1,71.6,70.4,73.0
159,E Washington,71.1,71.8,74.0,68.7,72.3,69.3
160,Coppin St,71.0,71.2,73.8,69.7,71.5,70.8
161,Cincinnati,71.0,71.0,79.0,72.3,69.5,68.2
162,Penn,71.0,71.4,69.0,70.4,71.4,69.7
163,Toledo,71.0,70.4,70.2,70.6,71.2,71.2
164,San Diego,70.9,65.2,61.6,71.5,70.5,73.6
165,Grambling,70.9,71.0,71.6,71.8,70.5,67.9
166,Denver,70.9,70.3,69.1,70.6,71.2,70.8
167,Norfolk St,70.9,75.0,76.5,72.2,70.2,69.5
168,Georgia St,70.9,71.2,70.3,69.2,72.1,71.6
169,Charleston,70.9,66.8,62.9,71.4,70.4,72.7
170,Miami,70.9,66.6,66.6,72.4,69.3,69.6
171,Samford,70.9,70.1,70.5,70.0,71.5,73.9
172,Wright St,70.8,72.4,66.9,69.6,71.9,70.4
173,NC Greensboro,70.8,67.9,67.6,70.2,71.2,66.7
174,Milwaukee,70.8,70.0,70.2,70.5,71.1,71.4
175,Fresno St,70.8,68.5,64.5,70.7,70.9,74.3
176,Missouri,70.8,73.0,69.2,72.3,68.9,71.5
177,N Dakota St,70.7,69.7,74.8,73.4,69.3,68.9
178,Elon,70.7,67.2,68.7,71.2,70.3,67.4
179,N Illinois,70.7,70.6,69.7,71.4,70.2,72.8
180,Seattle,70.7,70.8,75.2,72.2,69.2,69.1
181,Purdue FW,70.7,68.0,60.9,70.8,70.6,72.4
182,Omaha,70.6,67.2,68.8,70.1,70.9,70.6
183,UMass Lowell,70.6,68.8,68.8,70.1,70.8,71.1
184,Washington St,70.5,73.2,71.1,69.8,71.3,73.7
185,Tulane,70.5,74.0,63.5,70.5,70.6,70.0
186,Loyola Mymt,70.5,65.3,63.3,71.3,69.6,69.7
187,E Michigan,70.5,71.7,73.7,72.8,68.7,70.3
188,New Hampshire,70.5,71.2,65.6,71.9,69.6,70.4
189,Kansas,70.5,67.4,71.7,71.2,69.9,71.7
190,Le Moyne,70.5,68.1,71.1,69.3,71.2,71.5
191,Rice,70.4,67.5,71.8,70.8,70.1,68.4
192,Youngstown St,70.4,65.9,62.4,70.9,70.0,72.2
193,Texas,70.3,65.6,61.8,71.2,69.6,70.8
194,Army,70.3,72.4,68.4,70.1,70.6,70.7
195,Washington,70.3,71.8,66.7,71.4,69.3,70.3
196,Manhattan,70.3,69.9,69.4,69.7,70.7,70.4
197,Utah St,70.3,67.6,67.9,70.6,70.1,69.0
198,Utah,70.3,65.7,67.1,72.4,67.9,71.3
199,South Carolina,70.2,65.4,65.8,71.0,69.2,69.0
200,Creighton,70.2,71.0,68.1,69.5,70.9,69.5
201,Wofford,70.2,70.6,67.1,69.5,70.7,66.5
202,Grand Canyon,70.1,71.8,71.9,69.9,70.4,74.3
203,LIU,70.1,68.1,72.2,67.5,72.1,67.9
204,Sacred Heart,70.1,67.1,63.6,69.1,70.7,72.5
205,Colgate,70.1,68.4,69.5,69.9,70.2,68.4
206,Saint Joseph's,70.1,71.7,74.8,70.4,69.8,70.7
207,Richmond,70.1,64.3,62.5,71.5,68.3,66.9
208,Tennessee,70.0,72.1,76.8,71.3,68.9,67.0
209,Iowa St,70.0,73.1,69.5,69.6,70.3,71.9
210,Cal Baptist,70.0,70.5,70.3,69.0,70.8,69.8
211,E Texas A&M,70.0,64.5,67.7,69.0,70.6,69.8
212,Texas St,69.9,64.9,69.5,69.5,70.4,70.3
213,Lehigh,69.9,66.6,66.2,70.1,69.8,68.8
214,New Mexico St,69.9,69.1,72.0,69.0,70.6,67.6
215,Middle Tenn,69.9,69.5,69.4,70.3,69.6,72.5
216,Nicholls,69.9,66.4,67.4,70.0,69.8,70.8
217,Illinois Chicago,69.8,65.7,73.2,71.3,69.0,71.7
218,Brown,69.8,72.9,74.3,70.6,69.1,70.2
219,Stanford,69.8,69.1,76.4,70.9,68.4,68.7
220,Columbia,69.8,66.5,68.4,68.1,71.2,72.8
221,Drake,69.8,67.2,63.6,69.2,70.2,62.0
222,St Bonaventure,69.8,68.1,67.3,69.8,69.7,66.7
223,Dayton,69.7,63.4,63.8,68.2,71.1,68.7
224,C Michigan,69.7,67.6,68.6,71.3,68.7,70.7
225,Texas Tech,69.7,68.7,72.3,70.2,69.3,69.2
226,UCSB,69.7,68.4,74.7,70.8,68.8,68.4
227,Tenn Tech,69.7,67.1,68.1,67.8,70.9,70.9
228,S Dakota St,69.6,67.8,66.8,69.6,69.6,71.4
229,NJIT,69.6,67.7,64.7,68.6,70.3,68.8
230,N Texas,69.6,77.1,94.7,68.4,70.6,62.7
231,Buffalo,69.6,67.7,71.0,68.8,70.2,73.7
232,Virginia,69.5,68.0,70.1,67.8,71.1,62.9
233,Notre Dame,69.5,71.7,77.2,70.2,68.7,68.9
234,Missouri St,69.5,64.3,59.8,70.4,68.7,67.9
235,NC Asheville,69.5,73.1,68.4,69.3,69.6,72.6
236,Boise St,69.5,67.4,70.8,69.1,69.8,67.7
237,Stony Brook,69.5,69.1,73.8,70.9,68.2,66.3
238,Valparaiso,69.5,73.6,89.7,67.7,71.2,70.4
239,Monmouth,69.4,67.7,67.4,69.1,69.7,69.7
240,Stetson,69.4,66.2,63.9,69.0,69.7,71.2
241,DePaul,69.4,70.5,64.4,71.1,67.1,70.5
242,VMI,69.4,66.5,68.9,68.6,69.8,69.8
243,J Madison,69.4,70.3,72.5,67.7,70.7,67.6
244,Mt St Mary's,69.3,65.9,62.8,68.6,69.8,69.9
245,Evansville,69.3,66.7,64.8,69.5,69.2,68.5
246,Georgetown,69.3,64.1,62.0,70.9,67.7,70.0
247,Stonehill,69.3,72.7,68.6,70.3,68.7,67.0
248,San Francisco,69.2,68.5,69.5,69.0,69.4,71.0
249,UT Rio Grande,69.2,73.6,86.8,66.4,71.3,72.7
250,UT Arlington,69.2,68.9,65.9,69.3,69.2,71.1
251,Nevada,69.2,67.7,66.9,68.6,69.8,66.8
252,Little Rock,69.2,72.2,80.9,68.9,69.3,70.1
253,Wyoming,69.2,68.7,77.2,70.6,67.5,67.2
254,Rutgers,69.2,70.4,74.9,69.0,69.3,72.7
255,Boston College,69.2,70.2,77.2,68.6,69.8,70.3
256,Alabama A&M,69.1,72.8,65.1,69.4,69.0,75.1
257,Montana St,69.1,66.3,69.4,68.1,69.8,68.2
258,Morehead St,69.1,68.2,71.3,66.7,70.3,66.8
259,McNeese,69.1,72.9,66.9,70.3,68.3,67.4
260,Villanova,69.1,69.0,68.6,68.1,70.1,65.7
261,Bucknell,69.1,66.7,63.7,71.2,67.5,72.0
262,Illinois St,69.0,66.5,65.3,70.2,68.0,67.4
263,Fairfield,69.0,66.6,64.4,69.3,68.7,68.2
264,Indiana,69.0,64.5,62.2,68.4,69.6,71.2
265,Hampton,68.9,71.0,69.9,69.3,68.7,67.9
266,Chattanooga,68.9,68.9,64.0,69.3,68.6,70.4
267,Michigan St,68.9,69.9,66.1,69.4,68.3,70.6
268,Maryland,68.8,65.7,67.7,69.0,68.6,72.2
269,Ohio St,68.7,63.3,63.4,70.7,66.7,71.8
270,Robert Morris,68.7,64.3,64.0,66.6,70.8,71.7
271,Furman,68.7,66.0,66.0,68.2,69.1,68.5
272,W Illinois,68.7,67.4,70.6,69.1,68.4,67.3
273,Presbyterian,68.7,75.2,71.1,70.6,67.6,67.8
274,Texas A&M-CC,68.7,64.2,61.8,66.3,70.2,69.1
275,S Alabama,68.7,66.5,65.2,68.6,68.8,67.0
276,Air Force,68.7,70.1,72.7,69.5,67.6,66.5
277,E Illinois,68.7,64.9,62.9,69.1,68.4,69.5
278,Penn St,68.7,66.4,63.6,69.0,68.3,72.6
279,Oregon St,68.6,67.4,63.7,68.0,69.2,67.0
280,Nebraska,68.5,63.4,61.5,69.6,67.5,71.5
281,La Salle,68.5,71.7,75.3,68.1,68.9,71.7
282,NC Central,68.5,64.0,63.8,68.8,68.3,71.6
283,Lafayette,68.4,68.6,67.6,67.8,69.1,67.9
284,Duke,68.4,66.9,64.8,69.7,67.6,68.3
285,SF Austin,68.4,68.7,79.5,68.9,67.9,70.2
286,E Tennessee St,68.4,65.6,64.3,69.7,67.2,67.2
287,UMBC,68.3,68.2,70.1,67.6,69.0,73.4
288,Oregon,68.3,67.1,64.3,68.4,68.3,71.1
289,Seton Hall,68.3,68.5,69.0,66.7,70.1,67.0
290,Idaho St,68.3,70.7,75.1,68.7,68.1,68.4
291,Jacksonville St,68.2,70.7,66.2,66.7,69.7,67.6
292,Rhode Island,68.2,65.2,61.6,69.1,67.5,73.2
293,Chicago St,68.2,66.7,61.9,65.0,69.7,71.2
294,Binghamton,68.2,65.8,66.3,66.8,69.3,68.9
295,Marist,68.1,69.0,67.4,68.0,68.2,66.5
296,Wagner,68.1,65.6,64.9,66.7,69.0,62.8
297,SIU Edward,68.1,66.7,70.6,67.5,68.5,69.6
298,UCLA,68.1,66.9,64.0,69.8,66.3,67.5
299,N Alabama,68.0,65.2,63.8,69.6,67.0,69.3
300,American,68.0,64.9,61.6,67.9,68.1,65.6
301,Lamar,67.9,67.0,68.8,66.8,68.9,68.3
302,Yale,67.9,68.0,65.6,66.4,69.1,70.6
303,Delaware St,67.9,65.2,57.4,69.0,67.4,73.8
304,Hofstra,67.9,67.8,72.7,67.9,67.9,67.0
305,Illinois,67.9,61.4,64.0,68.2,67.6,74.4
306,UTEP,67.9,72.0,67.5,69.6,66.4,70.7
307,Pacific,67.9,65.4,63.2,67.7,68.0,69.9
308,UConn,67.9,65.4,67.5,68.7,67.3,67.3
309,NC Wilmington,67.9,68.6,65.6,66.1,69.9,68.7
310,Temple,67.9,67.5,66.2,69.4,66.4,72.9
311,UT Martin,67.9,64.0,62.6,67.6,68.0,70.2
312,Bellarmine,67.8,71.4,65.2,67.8,67.8,68.9
313,Loyola Chi,67.8,65.8,68.3,68.7,66.8,69.7
314,The Citadel,67.7,69.2,66.0,67.9,67.5,67.8
315,Ball St,67.7,68.2,68.6,67.5,67.8,70.1
316,Saint Mary's,67.7,63.2,60.7,68.3,67.1,65.7
317,Saint Peter's,67.7,65.2,66.0,67.6,67.7,66.9
318,Albany,67.6,66.5,69.5,65.7,68.5,70.8
319,Louisiana Tech,67.5,65.4,67.0,67.9,67.2,68.6
320,San Jose St,67.4,67.6,70.3,67.8,67.1,69.3
321,SE Louisiana,67.3,69.8,75.4,66.3,68.0,69.2
322,Northwestern,67.3,62.2,60.9,67.9,66.8,68.9
323,Maryland ES,67.3,67.2,70.9,65.8,67.8,69.0
324,Mercyhurst,67.3,67.5,67.2,68.9,66.2,66.4
325,Navy,67.3,65.0,68.6,67.4,67.1,68.4
326,Charlotte,67.2,67.8,71.7,67.3,67.2,68.1
327,Incarnate Word,67.2,63.6,62.7,67.5,67.0,67.3
328,Rider,67.2,68.4,66.6,66.5,67.7,66.8
329,Bryant,67.2,69.1,59.5,67.4,67.0,75.4
330,Houston,67.1,65.9,62.5,67.4,66.9,65.4
331,NW State,67.1,63.0,61.4,66.3,67.6,66.6
332,Jacksonville,67.0,68.0,65.3,64.9,68.1,70.4
333,Holy Cross,67.0,67.8,68.6,66.7,67.3,67.6
334,Drexel,67.0,65.7,67.1,67.0,66.9,66.8
335,C Connecticut,66.9,65.4,61.9,67.0,66.8,67.7
336,Clemson,66.9,63.3,55.7,66.5,67.2,68.0
337,West Virginia,66.8,72.9,74.3,65.3,68.4,67.7
338,Green Bay,66.8,65.1,68.5,65.1,67.9,70.6
339,Maine,66.7,67.3,67.3,67.4,66.3,68.1
340,Boston U,66.7,62.9,64.2,65.8,67.4,66.3
341,N Arizona,66.7,64.7,66.7,67.4,66.1,68.7
342,Purdue,66.6,65.2,67.3,68.1,65.5,67.4
343,Princeton,66.6,65.4,70.1,64.8,67.8,69.3
344,Pittsburgh,66.6,65.9,66.9,68.1,64.8,69.1
345,Liberty,66.5,64.8,63.1,67.1,66.1,68.0
346,Delaware,66.5,69.4,64.0,66.0,66.9,71.7
347,Vermont,66.5,63.2,65.6,65.1,67.6,65.4
348,Hou Christian,66.5,68.2,71.2,67.2,65.9,66.4
349,App State,66.4,68.6,71.6,65.7,66.9,66.0
350,Davidson,66.3,68.0,73.8,67.6,65.1,67.6
351,Canisius,66.3,64.6,68.4,65.8,66.7,67.6
352,F Dickinson,66.3,65.9,66.8,64.7,67.2,71.3
353,George Mason,66.3,63.8,65.0,67.2,64.9,68.1
354,Fordham,66.2,66.2,64.3,65.3,67.4,72.8
355,Harvard,66.2,70.6,70.9,66.1,66.3,68.9
356,Louisiana,66.1,73.5,73.2,65.7,66.4,68.6
357,Merrimack,66.0,65.4,65.1,67.0,65.5,66.6
358,Towson,65.9,65.4,63.4,66.2,65.7,66.4
359,Siena,65.8,64.5,63.9,64.9,66.3,69.9
360,Colorado St,65.6,68.5,70.0,66.2,65.0,68.3
361,Minnesota,65.4,61.2,61.0,66.0,64.8,67.1
362,N Iowa,65.2,62.7,64.6,65.2,65.3,66.9
363,Niagara,65.1,66.2,62.1,63.3,66.4,66.9
364,New Haven,64.7,65.4,68.7,64.5,64.8,--
365,Iowa,64.3,61.1,57.8,65.7,62.9,72.8
